S100A8,S100A9,S100A7,KRT6A,KRT1,KRT10,KRT14,PI3,KRT16,SPRR2A,SPRR2E,DCD,MIR1977,SPRR2D,SPRR2B,DEFB4A,KRT6B,SPRR2G,KRT6C,KRTDAP,SPRR1B,KRT5,KRT2,RPLP1,CNFN,Class_label
159.9695,65.7915,286.939,465.096,9519.5025,12106.4025,5333.6055,5.1785,730.281,91.2725,393.2645,1883.1795,8322.838,92.3025,80.4835,2.274,484.895,161.4785,271.864,2803.322,213.3905,4622.734,2976.0765,2170.85,160.4835,Healthy
2233.927,2470.916,1690.29,884.151,7787.137,8509.25,9461.03,370.51,1816.326,814.361,1567.719,10047.787,6102.796,696.373,710.116,96.812,670.202,1352.037,525.745,2389.929,412.398,5724.634,2437.174,3933.56,234.374,Healthy
190.222,66.244,132.132,522.214,7068.154,7147.2,3698.281,3.003,580.336,76.508,376.366,4110.461,9183.177,81.342,70.981,0.118,611.839,137.752,282.764,2828.113,300.969,3152.319,843.478,2524.961,122.689,Healthy
62.423,41.929,54.469,455.951,6550.389,8575.869,6505.182,9.621,1136.544,130.082,508.877,3968.044,6914.246,114.388,115.477,1.963,525.772,202.274,296.181,1919.041,102.148,4136.041,3347.459,2879.228,167.269,Healthy
163.661,59.454,310.274,341.256,11145.153,14127.948,8290.751,6.454,1236.286,73.42,286.691,886.237,8306.117,60.963,65.14,0.432,617.786,118.019,413.523,2041.244,136.114,6443.721,4282.632,1971.999,194.586,Healthy
68.609,17.478,149.582,215.186,6735.853,11920.169,3489.783,7.642,553.737,38.304,278.016,1761.981,9173.792,46.411,38.412,4.081,397.292,152.506,187.866,1423.504,130.324,3205.795,2909.494,989.789,111.111,Healthy
31.09,14.645,56.249,96.064,9077.277,12197.946,7017.547,8.072,1044.321,92.381,533.808,1480.17,6693.013,105.439,93.956,0.733,267.184,148.154,185.852,2185.186,64.01,4769.906,1564.757,1789.585,133.382,Healthy
210.327,106.518,143.88,310.943,7376.294,8150.736,2976.572,20.533,449.881,51.359,208.088,1474.133,10801.381,52.149,41.236,4.941,278.889,109.66,161.6,1977.131,108.683,2337.359,945.326,1878.751,101.835,Healthy
16.777,9.527,12.978,270.246,8877.278,15292.121,4627.37,7.802,716.662,44.555,221.458,3602.203,5216.765,49.384,41.319,0.125,370.972,87.848,177.706,2295.148,112.861,4311.767,4784.249,1682.996,179.532,Healthy
16.526,8.664,27.282,305.494,9361.055,13359.252,5403.53,4.237,803.408,30.684,141.591,883.689,5982.73,35.504,28.644,0.13,398.101,77.895,207.487,2351.91,129.55,4678.551,3688.828,1889.247,206.803,Healthy
17.648,16.715,11.749,111.609,5047.175,8283.117,3382.983,3.731,523.11,31.311,174.78,1010.48,8956.263,31.82,28.467,0.456,143.845,55.515,95.3,1292.353,27.944,2731.543,2567.137,1124.712,90.314,Healthy
49.952,18.276,47.317,279.15,11444.705,12418.663,5309.329,3.487,766.626,68.113,333.476,3019.313,8346.191,72.286,62.006,0.36,395.16,117.131,202.122,2262.289,104.477,4251.808,801.79,1666.549,130.944,Healthy
28.134,12.466,10.33,125.687,10572.202,12756.259,5841.123,1.64,855.705,60.767,298.141,2449.671,8578.044,54.304,55.625,0,320.709,148.427,202.3,2534.559,51.366,4426.331,2228.708,2321.705,177.725,Healthy
151.339,55.71,141.692,325.089,5988.232,8807.799,3830.136,13.665,614.794,147.181,614.889,3315.364,7000.191,198.338,143.486,0.227,486.961,328.55,249.575,2294.528,390.133,3057.362,2514.428,1260.29,162.171,Healthy
30.098,11.396,37.119,171.021,13870.413,15637.691,5766.307,2.07,809.752,56.679,270.631,2497.557,6714.078,59.705,50.555,0.114,386.376,125.541,247.671,3248.145,167.716,4650.57,2185.117,1600.355,193.428,Healthy
81.165,22.079,45.573,380.459,6021.398,7508.98,3489.416,3.295,573.202,68.598,312.414,13525.405,7029.424,84.538,58.894,0,488.093,104.668,214.622,1833.229,238.47,2434.704,1024.349,1107.821,107.456,Healthy
23.721,5.264,12.359,221.218,9548.895,12187.599,4191.139,6.132,549.517,32.045,204.48,1578.837,7848.28,34.279,30.39,0,297.719,36.759,151.731,2612.297,107.224,3382.045,1707.433,1874.561,141.188,Healthy
7.028,4.896,6.974,123.717,11302.913,15517.335,5858.059,0.947,864.705,85.457,456.523,2188.816,7496.664,76.612,81.731,0,314.77,342.95,270.867,3036.918,97.909,5130.143,3845.001,1519.419,206.566,Healthy
94.22,52.048,54.534,434.705,7934.139,8628.857,4658.589,5.694,632.751,48.496,159.035,1016.283,11621.461,59.011,44.969,0.129,486.697,41.541,269.806,2453.297,222.45,3475.011,1832.066,3345.89,166.874,Healthy
436.602,319.816,782.492,402.611,8509.512,10492.561,5511.469,62.133,799.756,178.599,439.899,4190.759,6985.393,152.473,142.584,53.807,401.518,133.468,225.621,3155.18,219.055,4087.47,2963.829,2681.368,331.949,Healthy
49.159,21.423,65.969,295.764,6910.787,7941.887,4915.948,6.335,721.971,136.009,534.32,23370.065,7873.055,120.486,127.113,0.232,422.444,463.447,247.384,1998.615,124.083,3661.362,1406.931,2189.709,152.959,Healthy
173.545,97.707,281.71,340.082,9567.124,10889.737,4656.302,22.379,716.301,194.153,795.362,4546.015,10002.944,231.885,193.988,1.633,361.598,473.211,277.25,2510.284,317.745,3833.215,1790.447,1629.232,185.292,Healthy
21.989,12.198,16.184,154.655,8588.258,10205.212,4305.404,13.132,636.352,59.866,272.218,2344.513,9426.26,71.138,57.062,1.289,163.295,142.979,172.383,2766.84,109.438,2836.192,2117.581,2502.054,186.768,Healthy
54.711,18.48,7.666,367.803,7338.893,7805.904,5302.404,3.821,875.599,60.496,242.493,8937.055,7156.454,71.382,56.949,0.35,559.463,66.027,314.355,2883.479,279.638,3944.395,1190.824,2347.968,204.764,Healthy
10.097,6.97,10.437,360.457,6263.946,6032.255,4847.539,2.135,742.333,42.623,140.028,2487.023,10005.66,43.494,39.135,0,390.179,24.163,240.816,2130.465,140.174,3621.775,1511.453,3527.43,173.732,Healthy
76.551,45.973,127.701,417.748,8962.788,8032.627,5678.889,2.85,879.614,98.941,303.834,4405.547,8951.643,101.075,95.274,0.471,648.804,102.004,383.811,3118.37,287.186,4890.589,1166.317,3341.339,207.159,Healthy
43.832,18.4925,64.1235,188.634,8540.2735,10636.322,5674.9525,5.0205,770.43,73.319,307.413,1473.714,9303.5515,64.0865,67.6745,0.237,292.273,95.8225,202.4295,2289.817,102.445,3809.8135,2741.3115,3114.81,212.6965,Healthy
18.524,13.859,34.651,313.502,8387.702,8596.13,5718.789,1.604,825.274,61.668,251.026,3604.367,8965.933,73.026,59.827,0.397,488.828,44.007,304.258,2366.953,434.948,4225.215,2209.718,2279.629,185.673,Healthy
22.624,13.366,6.962,271.452,7694.881,13429.521,5268.587,1.959,764.613,48.132,254.876,4983.782,8844.617,38.462,45.088,0.577,331.924,125.425,209.608,2887.654,103.42,4351.013,5603.226,2169.811,214.224,Healthy
41.289,16.08,53.057,306.088,8358.665,11613.174,6271.187,4.099,847.041,70.241,274.547,1275.808,7644.623,64.867,65.234,0,453.647,141.992,307.711,2240.32,182.694,4867.274,3518.881,2191.963,218.555,Healthy
33.373,21.154,7.28,320.329,9633.036,10036.879,4453.355,3.395,603.737,42.845,148.822,7713.949,10246.241,54.242,38.858,0,348.979,63.648,187.263,2366.226,208.344,3567.684,1385.646,2789.279,159.493,Healthy
35.878,8.887,20.428,258.351,10234.297,11784.048,6461.284,4.951,920.976,41.911,183.28,7423.293,9344.969,38.226,37.874,0,341.773,32.955,192.488,3146.879,99.522,4214.51,2240.959,2638.74,218.582,Healthy
57.077,21.853,42.31,439.393,5046.119,7318.41,5057.476,2.683,737.244,61.463,203.162,10290.023,10447.011,63.323,58.39,0.764,433.788,77.029,216.795,1644.968,212.871,3430.046,1838.567,2563.721,164.129,Healthy
65.884,28.997,12.423,353.07,4972.043,5906.463,4411.811,3.287,628.568,41.012,122.853,9084.083,10368.431,52.48,39.57,0,506.169,35.802,265.633,1443.31,213.916,3387.247,641.711,3287.177,106.913,Healthy
181.889,301.062,176.852,473.968,13966.17,17744.304,5974.352,32.576,867.52,265.678,786.584,3149.574,8025.318,254.18,271.335,2.082,401.119,346.451,302.889,5594.949,1566.224,5499.143,5962.542,2507.276,610.475,Healthy
15.708,8.362,43.987,383.793,11344.485,12879.505,6192.625,3.009,849.13,20.793,97.213,3325.681,10202.603,23.563,20.598,1.307,444.525,24.559,288.258,2919.66,114.43,5919.886,2637.95,2119.698,155.051,Healthy
13.845,8.986,26.717,288.084,10823.651,11725.379,4913.271,5.434,591.796,45.382,166.094,1263.905,8381.448,39.414,40.916,2.492,189.309,82.256,117.866,2890.744,54.301,3730.135,3222.809,3200.549,164.333,Healthy
90.976,54.748,146.408,605.213,10437.588,10380.906,7107.636,8.76,1023.447,184.953,712.604,7531.069,6987.875,194.682,176.895,0.276,642.278,234.772,377.5,3198.76,312.804,6105.794,1826.998,3384.393,264.95,Healthy
19.252,19.024,24.403,175.35,12729.268,12708.464,6809.725,4.373,857.509,84.535,373.627,3134.188,8649.377,105.558,79.655,0,318.499,68.526,250.684,3413.399,559.465,5784.362,2670.466,3266.819,230.173,Healthy
90.644,33.438,64.317,569.001,11301.817,16630.499,8779,7.325,1631.026,76.897,370.075,2658.219,5551.897,86.993,76.109,0,569.758,117.789,383.631,2105.875,382.144,5994.149,3914.026,2221.449,192.885,Healthy
42.549,26.524,43.502,439.285,9563.124,9352.857,5129.484,5.97,732.252,106.539,429.353,4977.392,11903.309,122.024,105.014,0.097,369.799,237.554,202.064,2263.38,293.309,4045.579,1587.319,2963.768,177.381,Healthy
27.869,13.749,34.891,265.672,8550.497,13281.728,5349.373,7.029,776.751,79.605,392.553,1382.63,11106.221,91.538,77.213,0.087,439.18,147.82,306.073,2093.703,238.509,4603.59,4606.074,1410.657,159.913,Healthy
201.877,69.243,40.624,539.649,8806.905,10731.652,4943.552,4.772,838.948,87.446,440.749,6057.423,7851.931,87.833,86.111,0,847.671,129.405,426.092,1804.268,309.631,4093.077,2249.94,1627.04,139.287,Healthy
66.291,27.514,54.2,386.371,9148.369,9894.746,5412.646,2.689,718.07,38.592,175.289,4191.306,9995.312,41.554,37.331,0,576.373,68.676,350.364,2316.662,195.874,4290.115,2438.228,1742.2,143.652,Healthy
15.404,9.386,32.081,324.25,6727.729,12210.327,8214.661,0.986,1572.467,44.826,191.857,2284.842,5287.101,44.632,45.776,0,506.276,142.383,368.054,1073.141,199.146,5294.789,4085.284,1701.176,103.842,Healthy
36.241,14.494,9.997,245.824,7888.664,8378.602,4912.533,2.029,730.985,45.544,232.597,2427.041,8458.29,44.466,45.116,0,433.147,55.37,262.819,1492.775,136.479,3446.914,1332.146,1568.388,115.023,Healthy
139.643,261.123,251.988,372.035,8973.618,9312.058,5371.9,17.376,673.096,200.177,833.364,1608.569,7385.699,262.249,211.386,0.787,525.2,211.348,337.637,3589.786,858.646,5141.078,1731.162,2659.55,262.16,Healthy
48.139,39.908,37.402,337.758,5115.426,5042.031,6600.445,2.202,931.712,56.711,135.545,3134.793,6360.281,56.05,54.926,0.33,515.45,49.803,307.437,1355.718,254.581,4487.827,1203.843,2762.346,204.026,Healthy
59.922,26.771,26.675,457.05,10511.06,11297.899,7469.309,10.092,1045.497,59.843,243.83,3640.784,9074.197,76.629,56.638,0,537.973,38.075,285.671,3140.703,268.988,5237.725,2492.982,3242.416,245.543,Healthy
11.818,14.455,11.032,153.529,11689.9,11773.354,7625.639,5.159,1004.371,141.908,616.135,3202.529,10626.731,136.428,129.361,0.099,307.543,132.939,251.304,3648.309,37.304,5888.293,1872.702,3145.917,231.69,Healthy
19.965,9.136,7.668,230.073,6470.262,9070.546,7957.548,3.498,1416.665,65.252,262.565,5481.977,5442.667,51.515,67.874,0.116,425.472,72.974,258.507,1183.24,169.862,4318.581,1883.552,2032.221,143.054,Healthy
376.769,192.144,406.109,991.847,7014.905,9527.307,9720.817,10.33,2392.833,89.576,287.628,5600.125,4446.834,93.522,85.705,0,946.735,98.813,632.177,1347.481,482.035,7003.909,1972.26,2087.784,159.148,Healthy
14.995,11.589,7.82,480.207,8645.322,10551.29,12123.634,0.517,2159.415,47.892,186.705,3209.988,4639.816,42.157,48.186,0,787.451,78.463,543.464,1577.72,321.415,6949.689,2787.963,2654.153,210.155,Healthy
85.264,36.204,295.431,463.405,7087.116,8710.788,6165.871,2.024,911.639,61.886,283.271,4096.086,9249.528,67.391,57.658,0.095,649.48,105.857,354.98,2954.303,215.502,4762.642,2679.754,2547.891,286.696,Healthy
129.284,75.05,178.54,631.09,11019.492,11504.963,8004.389,7.387,1310.445,70.397,295.402,12665.02,9983.111,91.77,64.672,0.455,710.252,73.607,395.716,3516.449,215.176,5516.751,1840.923,3044.889,247.603,Healthy
39.613,29.781,36.725,293.622,8217.094,9132.358,5448.506,11.065,748.938,135.623,492.538,4323.461,7447.113,127.726,126.08,4.926,322.427,193.862,193.516,2532.567,188.679,3960.781,2541.637,2584.049,283.652,Healthy
219.736,153.266,332.614,668.316,9379.596,8950.767,6001.458,3.552,870.983,122.929,400.705,2988.681,5074.628,117.826,110.068,0.404,834.146,132.165,410.99,3345.543,279.179,5320.451,1487.647,3621.566,308.573,Healthy
89.933,47.963,65.874,656.565,9369.505,10497.414,6360.444,2.589,873.723,150.193,536.119,1604.436,4282.305,145.44,140.499,0.104,825.451,210.041,402.688,3813.814,531.013,5279.688,2757.325,3364.641,297.903,Healthy
24.829,18.84,27.732,467.545,11312.24,9898.803,6548.752,5.028,869.238,92.554,329.346,7941.435,6996.31,102.331,86.76,0,353.273,62.911,204.091,3470.893,206.651,5483.265,1406.499,4187.788,286.083,Healthy
92.343,42.864,83.594,517.615,8525.886,9196.089,6122.024,1.794,878.36,143.263,521.662,2900.685,7527.566,141.587,133.144,0.211,645.285,254.564,326.685,2805.706,277.937,5164.025,1822.929,3603.228,207.746,Healthy
46.152,36.097,51.174,556.889,7323.897,6642.187,7750.67,5.901,1438.759,110.467,368.173,12699.204,9443.309,105.692,108.936,0,862.591,157.155,499.04,1961.88,188.19,5458.518,1337.161,2237.766,191.804,Healthy
97.895,104.704,184.512,660.735,9390.273,8890.357,8260.693,7.538,1374.599,92.104,322.22,2575.19,6889.19,80.501,92.371,0,862.721,139.911,514.887,2047.8,248.771,5201.594,2849.015,2287.92,244.557,Healthy
73.036,76.437,175.031,506.358,9144.956,9515.688,7236.749,2.852,1228.486,55.07,172.422,2724.772,7260.283,57.567,53.512,0.105,701.926,70.486,468.311,1856.247,252.639,5703.448,2975.961,1882.991,223.077,Healthy
29.797,32.533,61.903,272.926,7758.63,8458.077,7452.126,3.667,1233.085,42.72,127.912,3438.913,6143.591,43.296,45.546,0,504.017,93.683,358.999,1840.48,149.378,5374.357,2953.466,2360.111,162.087,Healthy
47.197,28.675,201.207,224.168,10431.614,12350.383,6371.855,2.543,886.611,119.549,453.983,951.705,10723.545,106.948,112.083,1.32,339.612,288.489,246.617,2267.711,285.533,5034.059,2912.034,3995.422,230.786,Healthy
158.625,108.589,147.626,447.861,7190.687,7183.691,5029.339,12.262,961.134,84.831,244.237,3070.249,8668.747,102.018,82.649,0.092,631.763,102.912,338.819,2293.675,560.811,3950.126,1096.718,2802.011,211.5,Healthy
22.514,20.808,50.024,388.227,9611.349,8562.713,6915.497,5.523,1030.224,117.077,429.579,5309.607,7029.686,113.099,111.59,0,404.676,93.114,250.669,3254.659,276.273,5799.491,1447.846,4634.911,255.619,Healthy
18.317,9.131,21.286,398.532,8210.321,11514.583,8233.061,4.247,1458.089,41.847,161.182,6617.614,11843.8,43.425,40.757,0,572.525,45.083,355.628,2779.425,266.796,6168.884,3131.327,3715.779,221.173,Healthy
36.523,22.679,118.342,443.357,10519.016,13296.322,7464.894,13.44,1068.612,118.055,457.052,1725.501,10061.586,119.989,110.563,0.336,400.419,120.364,214.185,2142.204,239.076,5203.33,3198.178,3089.901,268.985,Healthy
6.155,3.854,20.587,197.549,12774.209,12828.826,12021.184,6.881,1530.567,139.983,596.999,446.548,8792.438,117.734,151.823,0.379,412.811,214.312,331.243,3721.455,225.832,7332.964,3517.447,4386.03,315.549,Healthy
14.589,8.678,14.366,470.146,11858.882,11060.98,8729.749,7.461,1156.395,58.754,246.712,246.911,9916.003,55.434,55.332,0,442.626,63.525,216.771,3497.214,119.907,6555.307,1505.647,4958.071,296.607,Healthy
53.724,23.103,11.65,326.578,9245.76,16885.745,11952.129,5.473,2146.834,35.511,151.853,947.929,8304.219,30.225,32.942,1.558,516.519,39.079,355.557,1810.648,198.777,6127.052,6346.954,1898.236,139.657,Healthy
23.084,27.185,89.902,467.833,13144.406,11114.93,9793.036,5.481,1125.764,202.498,605.85,560.792,10092.857,168.276,185.8,0.201,882.062,204.748,584.837,3944.462,278.717,8623.767,1655.319,5098.66,386.203,Healthy
83.281,75.407,195.126,581.833,15726.523,12402.735,7327.717,2.76,868.061,104.657,285.185,445.525,11178.013,93.246,96.307,0.38,648.334,118.662,405.381,4983.527,275.469,5702.692,1143.406,6609.755,454.24,Healthy
11.561,12.253,11.199,269.097,10309.459,10561.222,7278.2,3.491,843.122,42.388,121.095,1002.373,10277.541,46.261,41.01,0,484.212,36.948,321.767,3309.224,249.743,5278.222,2713.215,4432.517,416.184,Healthy
21.975,27.381,77.11,297.748,8971.768,10624.955,7583.35,12.115,902.679,94.367,295.136,392.689,9452.022,76.991,87.462,0,515.122,85.796,365.789,3831.503,283.942,6084.033,4607.748,4283.207,531.035,Healthy
107.319,61.397,174.633,675.74,9470.953,10368.38,8246.225,6.864,1205.075,166.837,663.159,630.314,10443.809,141.915,154.914,0,1067.768,220.982,522.169,3101.756,489.724,5970.618,2265.244,3786.66,270.996,Healthy
99.69,148.081,209.3,554.784,13216.766,10863.419,9197.773,9.811,1038.548,147.443,453.411,1.802,9060.566,117.565,137.487,0.578,528.769,141.575,292.711,5013.857,366.081,6318.565,2984.547,7491.519,825.394,Healthy
26.54,45.43,126.318,608.592,12712.491,10820.135,11644.643,2.889,1539.327,157.875,548.432,1086.92,10910.841,121.743,150.174,0.227,864.541,224.278,553.007,3718.477,239.529,7409.257,3210.609,7628.358,805.381,Healthy
48.922,58.607,102.312,409.509,12996.614,10977.279,13751.539,4.449,1585.211,169.448,551.542,0.444,9759.479,148.41,159.841,0,667.826,215.112,507.92,3811.416,200.72,9630.603,3684.754,7286.707,858.573,Healthy
7.12,6.897,8.456,142.984,12738.23,14116.406,6857.174,5.417,859.172,46.771,200.997,163.502,9350.265,40.678,43.63,0,294.84,50.272,243.33,4047.443,62.436,4755.046,2690.35,3508.644,277.177,Healthy
6.786,14.58,12.498,300.852,14035.59,13328.115,11119.157,3.037,1332.846,203.518,664.013,273.569,6899.712,187.991,193.533,0.223,541.419,254.831,422.055,5020.335,240.737,7725.293,7559.5,7515.068,1037.267,Healthy
21377.892,24946.229,17025.487,11939.256,9060.072,9135.884,15656.951,8413.313,12075.446,10072.872,9578.906,358.256,2693.46,7898.57,7350.563,3065.772,7038.772,5507.965,6417.313,6576.832,5516.832,6087.893,1134.636,2664.388,3557.687,Disease
7840.838,33212.099,8270.752,12466.997,8502.879,6942.803,17357.113,7184.753,12894.283,7803.273,8177.85,167.526,1704.311,6820.526,6787.965,3430.839,5900.532,5506.343,5388.998,5904.208,3151.607,7228.726,2967.336,7401.967,11565.347,Disease
9972.937,10825.402,9309.618,2419.087,14365.31,10205.109,8606.994,2580.808,2555.065,3441.279,3512.281,230.206,8181.184,2667.939,2522.878,692.566,1268.431,1816.753,1115.606,5015.059,2193.192,6764.86,236.012,2821.689,1347.898,Disease
7942.959,10028.262,6202.302,7954.041,12169.812,9997.029,17700.36,2697.975,7650.832,2638.475,2625.832,648.246,6412.364,1662.466,1764.678,605.966,5168.069,1221.544,4984.514,3576.438,2983.078,9943.925,1847.716,2747.288,986.224,Disease
25440.49,29864.264,17103.223,8343.733,5266.896,5084.071,13842.095,11283.074,8988.311,8685.021,9075.062,1036.338,5006.017,6985.009,6380.175,5475.121,4438.353,4036.926,3711.07,6345.296,3736.029,6271.134,140.883,2973.647,3176.064,Disease
18943.007,11925.783,14720.97,7052.058,8572.018,14674.699,7360.124,2533.388,4628.583,6315.878,5516.176,564.218,2521.209,3817.049,3443.997,2604.287,3889.551,4003.122,3442.56,5373.862,3746.38,4599.389,857.961,1229.255,1031.446,Disease
26956.4905,14007.313,17997.7985,3891.444,17199.8015,19078.7905,9094.021,3090.083,3161.6665,4382.124,5469.427,25.091,7069.076,2967.999,2788.834,2491.204,2240.6345,4043.685,1570.4075,5750.494,1765.0515,6711.6745,2772.451,1222.75,1139.5435,Disease
20374.503,24439.536,14536.783,5411.673,10048.945,11275.538,12324.563,7159.891,5380.129,4711.98,4985.509,1411.433,4895.491,3591.769,3773.162,1948.74,3318.071,2411.331,2659.654,7560.554,2622.353,7548.021,739.981,3320.3,2080.855,Disease
16991.357,10343.565,15054.239,6280.35,9157.95,14545.817,5051.387,6957.645,2567.961,5421.392,4322.756,705.899,2661.839,3472.147,2600.248,1672.034,3370.509,2409.682,2822.142,5699.258,4852.056,3565.47,353.746,920.821,820.996,Disease
24288.412,16213.926,17105.261,3565.335,13294.092,23204.57,5432.455,3056.028,2617.21,4451.479,5153.667,1343.032,3360.198,2803.259,2775.406,2660.312,1631.458,3911.113,1420.534,6631.445,2031,3782.671,2940.02,1642.498,1058.408,Disease
23024.852,11470.004,15839.894,5545.06,3662.842,6993.446,4466.184,5734.625,3292.07,5897.805,6308.903,1339.949,7073.942,4285.283,3328.909,6346.03,3156.483,3452.451,2040.044,4273.828,2076.681,3433.703,70.98,573.466,1041.077,Disease
25049.19,26398.775,13924.797,10836.588,8378.448,9561.938,17328.089,11513.025,11654.739,5742.31,5646.765,386.168,4477.901,3977.692,3656.613,2481.71,7367.906,2582.941,6270.291,6587.67,5597.513,8510.72,352.681,3034.837,2291.61,Disease
29192.49,33987.617,19329.938,9160.203,5160.781,7067.764,13880.982,14230.467,9047.86,10096.485,10925.891,171.725,4206.528,7328.943,7125.15,3131.27,5791.994,6538.227,4321.551,8880.609,5304.207,5668.098,227.966,3924.683,3469.255,Disease
22662.418,18406.542,15799.363,6544.537,9708.395,7485.517,16857.805,2443.966,8827.234,4829.423,5052.281,1397.398,7061.525,3201.981,3149.737,2458.6,3943.684,3435.891,3216.726,3884.328,3629.289,6863.95,1706.573,1995.176,1355.445,Disease
26606.61,21658.152,12491.165,8536.274,5048.954,6619.316,13743.716,5783.51,8084.766,7194.862,6950.84,356.928,4585.395,5155.011,5062.549,5154.031,4929.791,4073.201,4184.339,5016.576,3687.042,6333.644,861.323,2302.368,1942.924,Disease
28638.871,25334.859,17735.82,4866.286,14304.418,11838.146,12147.495,10548.028,6177.39,6858.058,7122.918,1004.726,5949.474,5065.841,4913.575,5613.642,2248.487,3396.076,1933.241,5952.078,2503.111,6488.712,1191.064,2450.751,2174.854,Disease
26291.726,17139.1775,19029.8845,3753.991,12859.23,12292.96,7465.3075,8090.287,3310.0395,3798.599,4013.325,46.757,5068.1585,2632.5405,2428.599,1007.754,2062.028,1941.2735,1403.149,7563.131,1814.9895,5417.262,395.4455,1774.3315,1479.3255,Disease
26254.463,20077.449,16438.77,6966.238,14246.175,14221.322,12691.687,6338.17,7284.637,5498.963,5729.66,845.677,4752.407,3817.513,3556.562,3807.642,4396.169,3274.479,3334.859,4644.93,3075.279,5881.576,2057.314,1460.023,1702.945,Disease
20798.087,14495.477,18604.076,6726.591,5246.514,13496.275,6330.676,7282.754,3473.97,6877.393,6552.305,105.676,3218.062,4732.752,4233.689,2566.747,3731.65,4206.658,2762.476,5903.563,3097.158,4498.903,185.751,1297.372,1210.745,Disease
20923.521,13481.999,13755.539,5975.815,7048.711,10203.063,6975.867,5233.614,4669.499,6461.073,4254.645,1631.897,6889.555,4941.718,4325.613,6861.747,3129.839,3939.554,2486.571,3625.124,1994.156,4871.295,772.777,1062.651,1335.389,Disease
20300.482,18638.522,21657.387,6208.953,11537.712,11456.746,8019.32,6079.012,4935.674,8910.821,8140.79,291.103,1793.943,7017.89,6172.031,1675.818,3045.135,5059.081,2397.809,7213.004,2729.699,5653.079,1336.058,2062.295,2086.28,Disease
29590.923,16879.864,14196.74,6471.945,7514.411,10526.896,8694.223,6268.149,6196.888,4539.486,4939.485,4097.609,9914.068,3224.563,2719.783,8053.089,3644.02,2735.923,2700.884,4242.316,2523.35,3730.543,517.648,980.456,1072.054,Disease
12030.703,18706.873,12006.182,10137.355,7405.587,7638.733,12507.391,5976.218,7713.271,6795.155,6625.455,693.626,5719.87,5377.997,4868.358,1554.726,6424.198,3215.181,5608.554,5136.767,3485.902,7016.178,137.804,2657.667,2472.341,Disease
7785.012,5749.422,2879.374,7572.616,12581.972,10444.809,18427.431,756.477,10145.661,602.478,802.491,416.588,4273.82,334.122,377.787,193.394,6622.129,430.4,5478.748,2469.125,2753.54,7882.719,1871.325,1530.646,670.75,Disease
15270.124,15598.68,11603.341,9014.186,6696.315,7122.162,11733.632,3615.202,8005.46,5967.497,6451.194,1137.876,5205.42,4431.014,4508.537,4071.918,5219.412,3803.146,4454.189,3621.392,2646.077,6681.289,758.838,1711.098,1855.181,Disease
21340.964,16817.095,15280.068,7083.596,11511.961,13110.894,11064.457,6396.171,6335.113,6557.06,6766.492,881.142,4259.815,4716.819,4633.072,4521.079,4143.033,5057.76,2836.825,5335.165,2306.854,4884.138,2280.81,1672.82,2144.86,Disease
13495.247,15331.589,12216.389,6112.098,5087.593,4716.914,9358.484,6022.878,4593.411,4870.305,4871.091,1162.837,7121.778,3336.723,3436.484,2011.988,3684.024,2260.874,2649.358,5056.239,2358.265,5759.485,48.153,2468.417,1683.053,Disease
23268.715,15290.702,14140.472,4622.73,14347.22,15914.766,7142.568,4707.998,4128.346,7292.674,7824.357,790.468,6260.493,5045.38,5193.961,4022.728,2133.013,5463.972,1729.259,5330.942,2507.518,4108.958,3308.676,1759.56,2105.324,Disease
18827.039,12855.155,16841.825,2968.482,17194.45,22527.785,4595.385,2337.298,2056.798,7611.193,7709.685,3285.634,2937.813,5159.226,5028.8,2735.763,1075.606,6040.05,830.169,6878.285,3249.94,4246.063,2312.953,1651.321,1373.726,Disease
14269.637,10922.895,10361.713,2788.114,8273.523,8578.637,5574.227,3500.49,1903.401,3090.38,3318.236,1028,5629.763,2205.046,2129.07,615.926,1650.825,1563.578,1230.734,4942.338,1926.708,4952.521,121.304,1473.44,905.984,Disease
14127.117,12691.537,10825.297,3229.745,10829.411,11417.868,6969.135,1523.56,3233.269,2897.251,4030.408,1697.696,4130.615,2075.536,2216.091,249.163,1414.999,2840.171,1309.36,5616.307,2339.298,5201.91,1144.618,2538.72,883.655,Disease
11474.354,7313.07,8836.886,1626.615,14919.158,16317.605,5177.815,2376.829,1423.577,2471.473,2918.709,790.649,8122.745,1679.949,1718.113,771.39,1172.312,1731.505,734.166,3564.714,1222.085,5325.781,1227.104,1223.335,648.358,Disease
15898.082,12625.63,11059.137,7411.104,9668.163,12320.491,9963.78,5175.032,6392.783,4041.369,3717.918,504.146,4585.048,2740.109,2681.049,1973.261,5331.625,2048.557,3975.992,3492.891,1785.706,5450.334,620.175,1560.852,1172.314,Disease
18268.309,16170.7,12604.133,4363.219,10131.216,11068.026,8117.487,8458.282,3226.776,4836.503,4246.048,212.252,3447.364,3122.402,2917.544,2643.514,2694.976,2234.222,1898.935,4777.482,1725.08,6198.423,230.852,1961.017,1056.934,Disease
28870.462,25981.199,17986.24,5636.186,20261.379,19380.952,9999.795,8625.982,6721.887,8596.595,9246.385,94.885,3950.689,5440.26,5654.351,5481.01,3265.875,5085.906,2414.736,8615.329,4154.896,7215.431,1557.579,2163.186,2650.427,Disease
27066.24,19658.352,18317.209,8885.309,11367.467,10753.194,12904.407,5036.987,7435,6644.843,6819.44,452.311,4081.906,4576.751,4336.861,3126.877,4693.052,3820.208,3764.805,6081.785,3919.826,6629.764,1261.692,1779.866,2641.856,Disease
14334.808,15352.819,11028.457,3771.52,10265.137,10491.438,7459.823,3571.189,3889.119,5884.574,6264.099,762.627,3426.578,4038.358,4621.698,669.142,2003.714,3971.815,1633.453,3685.875,1378.759,5338.898,1960.793,2528.785,1932.904,Disease
12872.732,12208.933,9750.507,6400.524,4489.811,5626.554,8735.64,3563.483,5921.332,3907.877,4190.403,460.565,5071.362,2796.116,2907.167,2127.809,3738.823,2469.587,3009.09,2946.298,1633.617,4758.773,603.934,2312.206,1388.109,Disease
15026.039,13954.058,8511.938,4724.855,10109.675,10614.577,12138.857,1800.636,6137.982,3318.133,3438.983,413.902,3433.121,2173.124,2515.871,462.004,2629.32,2424.77,2190.643,2860.662,1479.476,7253.714,3468.531,2732.943,1075.167,Disease
14060.084,9055.36,13466.572,2545.74,13683.482,15066.041,4847.813,2614.2,2039.745,4899.38,5515.672,194.422,7404.323,3473.671,3219.426,2606.61,1179.574,3899.124,912.147,3956.623,1311.695,4312.156,2093.136,1329.156,1030.391,Disease
8699.954,6402.519,6783.21,1211.179,10353.039,12442.831,4093.792,2011.325,1165.01,4032.426,4861.795,331.5,4230.72,2683.036,3167.837,690.811,731.495,3613.653,508.173,3578.995,849.213,3285.108,3105.488,1584.848,607.473,Disease
12561.149,12141.51,8886.969,8227.437,8472.1,8589.18,13308.655,4850.16,7524.174,4720.5,4738.117,118.205,4668.3,3319.656,3436.138,1719.834,5435.283,2380.86,4663.429,2898.383,3024.604,6419.157,1007.865,1609.259,1281.086,Disease
9538.499,10459.817,11115.581,2475.415,11961.044,10705.995,7402.018,1520.469,2954.703,5119.157,5998.469,298.615,6952.155,3728.386,4120.76,733.87,1413.934,4861.123,1134.017,4208.068,1422.795,5877.633,2600.955,2622.284,1261.543,Disease
35651.046,25040.936,16622.748,11014.971,5177.487,6424.305,14816.843,10686.8,12002.023,6736.824,7149.031,221.733,2755.842,5147.272,5118.276,5817.206,6673.037,3467.522,5306.877,4370.112,3246.6,6567.217,500.728,1797.578,1956.711,Disease
13328.248,14444.678,14738.161,3429.628,23846.693,19798.735,9229.069,1991.188,3938.813,5530.119,5858.927,268.684,4836.503,3824.956,4337.707,1830.808,1730.142,5286.991,1395.696,5834.106,2283.207,6571.989,5165.122,2168.411,2560.76,Disease
17490.001,17989.042,13736.702,6186.591,9042.16,10611.469,8387.348,6993.906,4420.62,5525.554,5150.459,184.316,3919.117,3668.15,3348.471,1851.752,3190.829,2095.471,2347.518,5677.931,2539.363,6630.229,227.224,1930.853,1559.751,Disease
16367.784,16750.976,11054.559,7457.017,8390.099,8634.488,10304.294,7516.938,6485.933,6435.663,4443.992,514.079,3067.018,4560.424,4492.404,4178.344,4193.267,3318.321,2932.202,5013.708,2817.743,6365.015,620.861,2106.888,2152.075,Disease
13852.494,14241.908,10963.383,5132.674,10183.495,9964.012,8285.755,5852.922,3842.636,5245.68,5199.066,1834.731,4068.188,3891.632,3652.828,1265.664,2483.701,2951.369,1926.845,5011.277,2296.418,5605.891,1050.719,1979.633,1770.516,Disease
18669.071,16228.641,12125.617,11407.387,2277.419,3583.174,11411.179,7827.886,8547.862,8233.401,8129.702,404.759,2220.14,6021.114,5588.561,4783.765,6339.064,4364.326,5296.683,4682.519,3711.503,5232.546,216.247,1598.135,2633.52,Disease
12883.907,16163.374,9853.671,4512.831,9010.754,6302.976,9356.413,5717.334,4285.963,4415.067,4699.86,212.219,4757.513,3325.327,3605.864,1682.947,2127.937,2363.855,1895.878,3422.824,1951.24,5860.378,86.544,1613.706,1618.659,Disease
18680.563,19530.73,12964.66,10240.13,5187.959,5374.481,16424.165,10772.802,10581.4,6179.392,6458.353,1438.619,4742.798,4564.669,4981.908,2804.205,5189.205,3162.686,4312.341,2797.1,2655.971,6602.668,46.508,1442.886,2032.364,Disease
20165.443,13453.858,16819.168,5244.137,5400.43,6072.742,4911.256,7064.968,4116.401,7472.606,7380.429,1129.608,4742.128,5438.271,4758.003,6569.118,2508.423,3914.213,2080.121,4018.281,2771.701,2841.747,535.779,1140.864,1374.903,Disease
13883.868,13893.206,9921.591,5092.771,15277.534,14320.909,10463.137,4027.017,4550.412,7216.045,7534.225,1144.132,5162.082,5092.269,5710.593,2466.474,2553.67,5309.378,2125.156,3427.993,2240.392,7115.39,3410.146,2221.873,2027.642,Disease
17406.294,18197.593,14461.494,8370.445,17033.84,15723.164,14413.928,5452.913,7653.984,5591.864,6178.559,122.035,5428.051,4090.703,4516.497,2943.587,4491.985,3722.622,3761.2,3768.369,2696.1,7349.393,2058.339,1474.703,1973.455,Disease
11353.781,10705.483,6934.002,8227.931,5328.575,5895.254,16977.657,4015.889,9128.451,3411.474,3671.505,150.121,7978.163,2461.591,2661.606,1958.254,6111.638,2638.087,4716.51,2292.708,2158.449,9044.637,754.294,1302.014,1193.072,Disease
20102.284,19994.402,11656.615,3512.078,3554.111,3616.904,6187.776,5522.669,2478.071,5208.636,4594.882,2448.351,4801.061,3428.185,3403.689,1503.253,1626.42,2381.853,1285.69,4990.988,2174.703,3721.333,258.966,3371.27,1232.57,Disease
11759.173,7216.47,8548.487,5496.832,4168.474,5978.844,6758.856,3840.245,3949.506,3084.477,3248.024,796.225,5521.16,1994.136,1650.611,3649.774,3461.289,1705.916,2618.329,2222.322,1735.92,4012.321,143.235,625.151,619.404,Disease
22016.081,17875.423,14334.667,10952.396,7592.51,8217.504,13385.198,5107.599,9779.805,7216.333,7105.465,725.38,5613.259,5365.339,5182.935,6472.321,6470.76,4110.364,5595.601,3681.738,3671.737,6788.979,643.458,1864.101,1884.182,Disease
7502.016,5714.49,6320.87,2522.904,17689.715,15600.553,11456.496,559.315,3550.527,1971.689,2684.875,880.649,8446.27,1369.802,1515.457,201.451,1627.241,1651.41,1140.701,3418.96,1149.277,9342.128,2038.013,1844.428,938.371,Disease
11160.813,12392.108,11401.207,2049.085,9372.895,7897.847,6281.461,3600.954,1772.593,4212.527,4895.801,2677.031,5321.165,3242.77,3456.367,949.235,1106.868,2907.318,855.572,5725.957,1625.89,4541.128,238.836,3303.408,1072.683,Disease
13825.401,10382.22,11636.991,1922.175,12841.288,12381.505,5118.64,2960.478,1731.373,5049.854,5341.244,859.409,4947.991,3228.043,3784.032,2322.952,1118.948,3466.988,921.414,4155.203,1501.782,4820.818,1415.642,1629.798,1154.24,Disease
19715.569,15335.673,13413.507,7867.737,13215.968,13411.361,12572.407,5050.615,6800.574,6025.657,4153.613,401.452,3065.054,3736.306,4100.46,3016.096,4574.86,3302.31,3885.23,5531.758,3162.745,7597.704,550.964,1910.424,1545.311,Disease
16913.907,17441.83,9780.238,8501.172,8093.079,9435.771,11946.63,3783.767,8613.372,4805.977,4756.619,679.835,6754.111,3747.617,3607.452,2647.845,4957.637,2875.382,4531.028,3880.124,2204.45,7162.277,804.289,2573.76,1502.513,Disease
18629.315,14929.294,12925.419,8981.868,13691.849,15009.872,17917.004,2410.091,10295.081,2959.512,3029.155,548.849,8796.352,1757.239,1661.169,1525.308,6383.721,1827.927,4635.912,4561.042,2356.366,10228.271,1717.842,2113.833,1086.019,Disease
10297.324,11427.935,8251.904,6947.369,11666.27,15029.22,12009.543,1567.803,7273.947,4318.993,5397.476,442.488,4921.288,3254.373,3538.113,1140.169,4421.25,4714.798,3832.665,3563.57,2275.329,7912.77,6603.132,2295.632,2005.917,Disease
10397.833,8032.903,9389.045,1194.263,11331.471,10240.334,5769.577,3037.889,1461.91,3012.724,3353.387,1128.758,6845.271,2204.348,2238.681,960.623,596.137,1734.12,481.865,5035.059,1257.645,4706.975,527.236,2080.34,1038.842,Disease
17147.806,13897.339,9068.549,8171.731,10555.935,12148.366,11497.929,3046.779,7889.653,3689.386,4359.145,1364.549,3561.736,2511.317,2474.492,1571.004,4882.767,3020.282,4090.931,3901.915,1562.432,6653.166,1125.147,1873.765,1457.26,Disease
18229.341,18986.152,14464.988,8869.501,16363.211,14417.892,11213.431,4466.13,7415.906,8558.135,8746.675,316.52,4787.818,6336.719,6311.351,6053.47,4645.822,5160.709,3896.687,4792.537,3981.916,6640.354,1822.628,2053.673,2390.227,Disease
4105.32,4637.296,5772.016,1842.953,24222.731,21669.503,7804.525,353.921,1787.773,2064.719,3651.762,2024.062,5081.058,1584.85,1855.286,619.672,1104.436,3689.98,728.885,5283.524,1664.561,6460.539,4606.382,2513.362,1242.921,Disease
14267.237,12333.096,11661.891,3361.415,12760.198,12345.982,7727.059,3631.327,3602.582,5026.831,5450.96,485.274,3945.425,3266.481,3563.094,1084.157,1793.692,3532.014,1448.508,3950.47,1866.327,5572.989,2665.833,1300.463,1173.836,Disease
15159.231,12105.372,9187.427,8964.651,10902.663,14019.469,10079.151,3844.979,6233.753,5189.909,5108.88,140.65,6450.61,3557.045,3259.128,3277.13,4778.429,2865.266,3600.38,3234.224,2899.13,5950.379,785.099,1392.652,1787.488,Disease
16274.517,14325.686,11773.64,7286.22,3691.553,5649.105,7818.846,8789.843,5434.133,6439.915,6693.134,245.392,8150.282,5243.84,4440.09,5681.954,3915.601,3497.66,2925.748,3348.846,2599.173,4867.937,111.853,1416.654,1758.627,Disease
13551.101,11457.941,8054.254,5357.375,13261.019,13591.673,9821.886,2921.032,5195.227,2721.488,2858.075,731.684,5702.069,1925.834,1915.58,1898.202,3894.437,1452.808,3048.138,3468.99,2139.155,6479.084,1077.802,1376.691,993.598,Disease
16659.043,19352.485,18106.028,6709.036,22534.889,18986.951,12396.687,2962.939,6297.518,7255.356,8184.976,44.547,4678.019,5103.566,5469.498,2681.868,3324.562,5864.399,3249.697,6657.954,2863.453,7680.177,4219.632,2778.827,2741.337,Disease
10688.228,15411.727,12920.784,8668.65,7798.033,6086.317,9701.784,8433.857,5673.818,8288.777,6883.566,533.491,5026.309,6543.834,6407.173,2921.464,4021.185,3509.532,3469.028,6220.621,3854.372,5473.579,68.939,2274.374,2675.156,Disease
12127.049,8487.77,7982.738,1300.318,7032.305,7156.883,4071.471,2310.594,1060.285,1858.783,2024.086,676.766,6195.009,1168.631,1208.763,580.553,700.011,1017.251,521.319,3467.02,978.053,3853.143,224.347,1389.18,381.945,Disease
14888.465,12637.806,8653.425,6372.04,8133.131,7688.642,8796.49,4574.61,4978.756,4522.846,4422.35,662.184,3734.274,3226.294,3437.556,1757.568,3167.454,2358.63,2880.946,3916.55,2727.49,5935.961,277.383,1981.729,1685.028,Disease
16687.16,16512.3,14106.272,5546.499,10771.74,11436.851,9162.48,4942.605,3911.655,5393.261,5835.535,170.759,7348.635,3880.811,3970.355,2070.083,2633.498,3240.69,2209.161,6009.626,2377.23,7663.837,621.135,2399.345,1926.562,Disease
20252.507,16171.68,12081.514,6649.667,9206.708,8609.042,7049.09,5205.065,4750.103,5613.418,5591.651,515.048,6997.096,3894.278,3563.626,4644.583,3576.702,3025.127,2890.559,3861.1,2363.341,4361.301,160.485,1575.094,1451.692,Disease
19206.302,14533.497,15562.139,5385.68,8473.736,9329.318,7133.451,4763.119,3838.89,5526.613,5371.258,1132.163,8394.846,4036.948,3392.48,5845.037,2916.695,2875.939,2014.426,4346.544,2513.415,5484.867,314.401,1328.889,1365.283,Disease
24943.509,19941.516,16588.743,10308.722,8908.08,11205.665,10267.057,4600.201,9052.335,6449,5953.601,828.808,8157.934,4275.56,3978.257,4993.43,5284.167,3641.748,4662.454,3798.618,3397.97,7315.345,877.326,1870.198,1596.882,Disease
23028.449,23395.688,16973.813,11722.824,7024.218,8702.356,12441.173,6349.615,10779.995,8001.218,8099.825,57.812,5820.608,5939.836,5742.608,9434.437,7266.139,4879.428,6537.372,4375.804,3781.262,6827.9,745.727,1571.073,2798.242,Disease
20611.216,17965.527,12791.777,7311.006,12297.8,11509.319,10820.985,5568.066,6870.243,5636.651,5794.889,719.976,5587.47,3997.702,3920.698,3272.553,4135.457,3043.661,3564.825,4180.282,2178.617,5916.698,875.728,1751.635,1778.248,Disease
21975.941,18512.806,11263.296,11287.937,5724.869,5963.332,16266.952,8351.68,10173.494,6406.144,6261.482,232.682,7345.924,4498.847,3982.168,8411.554,7044.744,3205.886,5791.13,3261.296,3332.568,6793.659,43.773,1711.143,1778.855,Disease
21436.204,19418.717,12516.235,11369.832,4366.811,6279.248,11366.883,10999.797,7974.367,6159.028,6083.967,2.735,4949.768,4764.294,4238.432,4238.412,6951.901,2929.131,6324.978,4205.019,3708.622,5690.463,140.861,1419.584,2112.801,Disease
19340.878,15050.52,12225.711,6179.608,10554.609,11991.159,8018.128,5595.836,4695.201,5274.137,5215.768,118.288,4029.109,3513.365,3637.052,2893.781,2891.263,2872.221,2528.828,4266.582,1731.373,5972.232,555.982,1669.423,1151.089,Disease
7200.822,9324.801,12627.729,5267.542,18428.237,13655.968,9101.892,1038.331,3853.576,8755.027,8641.704,331.546,6243.615,6687.834,6713.803,1063.881,2272.432,9008.318,1816.217,3545.035,6273.204,7200.688,1620.186,3514.746,2631.995,Disease
8596.384,12653.969,14819.583,6553.996,11081.213,10023.491,6865.675,7919.679,2976.76,15521.084,13830.119,141.078,4531.83,13506.212,12611.97,2292.374,2661.084,9385.069,2225.177,5346.738,8971.046,6427.068,494.067,2748.538,3449.267,Disease
15409.267,14946.955,11992.821,3226.16,11926.572,10405.255,7741.402,4106.404,2242.796,3704.005,4293.641,5.653,8525.888,2710.538,2920.138,2343.539,1457.907,2127.305,1154.918,7004.89,1504.817,7036.243,553.976,2108.105,1580.579,Disease
14315.92,17467.768,11461.935,11270.98,8742.319,7195.28,13820.544,9347.859,10017.558,7792.012,7801.983,112.501,5162.5,5785.294,5468.036,6573.11,6678.462,4136.717,5421.534,4106.632,3631.975,6528.062,444.272,2262.099,2542.616,Disease
15479.604,20498.516,13044.647,9056.157,13347.08,10208.265,10611.01,6321.854,6885.178,7710.836,7588.472,174.205,3174.091,5506.838,5776.901,2340.616,5170.735,3953.165,4287.248,5159.156,2666.896,6897,1045.067,2042.121,2995.984,Disease
16869.674,15489.334,11707.07,10653.69,6570.09,6451.397,12521.905,4128.461,8854.536,6529.648,6743.049,2458.349,4273.431,4681.046,4484.173,4874.367,5696.777,4401.832,5265.887,3263.897,2609.298,5953.581,826.798,1754.536,2045.287,Disease